frame,wall_seconds,audio_seconds,shield_expansion,selected,full_charge,charge_audio,speed_cm_s,stamina,sprinting,dashing,x,y,z
0,0.000308,0.000000,0.000,0,0,0,0.000,100.000,0,0,-1000.000,-500.000,110.000
1,0.118773,0.106667,0.000,0,0,0,0.000,100.000,0,0,-1000.000,-500.000,94.150
2,0.226347,0.213333,0.000,0,0,0,0.000,100.000,0,0,-1000.000,-500.000,94.150
3,0.328514,0.320000,0.000,0,0,0,0.000,100.000,0,0,-1000.000,-500.000,94.150
4,0.429281,0.426667,0.000,0,0,0,0.000,100.000,0,0,-1000.000,-500.000,94.150
5,0.529882,0.533333,0.000,0,0,0,0.000,100.000,0,0,-1000.000,-500.000,94.150
6,0.630819,0.618667,0.000,0,0,0,0.000,100.000,0,0,-1000.000,-500.000,94.150
7,0.732033,0.725333,0.000,0,0,0,0.000,100.000,0,0,-1000.000,-500.000,94.150
8,0.837051,0.832000,0.000,0,0,0,0.000,100.000,0,0,-1000.000,-500.000,94.150
9,0.938573,0.938667,0.000,0,0,0,0.000,100.000,0,0,-1000.000,-500.000,94.150
10,1.039578,1.024000,0.000,0,0,0,0.000,100.000,0,0,-1000.000,-500.000,94.150
11,1.141210,1.130667,0.000,0,0,0,0.000,100.000,0,0,-1000.000,-500.000,94.150
12,1.243039,1.237333,0.000,0,0,0,0.000,100.000,0,0,-1000.000,-500.000,94.150
13,1.344892,1.322667,0.000,0,0,0,0.000,100.000,0,0,-1000.000,-500.000,94.150
14,1.447690,1.450667,0.000,0,0,0,0.000,100.000,0,0,-1000.000,-500.000,94.150
15,1.553620,1.536000,0.000,0,0,0,0.000,100.000,0,0,-1000.000,-500.000,94.150
16,1.655810,1.642667,0.000,0,0,0,0.000,100.000,0,0,-1000.000,-500.000,94.150
17,1.757861,1.749333,0.000,0,0,0,0.000,100.000,0,0,-1000.000,-500.000,94.150
18,1.860367,1.856000,0.000,0,0,0,0.000,100.000,0,0,-1000.000,-500.000,94.150
19,1.964607,1.962667,0.000,0,0,0,0.000,100.000,0,0,-1000.000,-500.000,94.150
20,2.071246,2.069333,0.000,0,0,0,0.000,100.000,0,0,-1000.000,-500.000,94.150
21,2.180063,2.176000,0.325,0,0,0,0.000,100.000,0,0,-1000.000,-500.000,94.150
22,2.286660,2.282667,0.657,0,0,0,0.000,100.000,0,0,-1000.000,-500.000,94.150
23,2.391566,2.389333,0.982,0,0,0,0.000,100.000,0,0,-1000.000,-500.000,94.150
24,2.496776,2.496000,1.000,0,0,0,0.000,100.000,0,0,-1000.000,-500.000,94.150
25,2.601082,2.602667,1.000,0,0,0,0.000,100.000,0,0,-1000.000,-500.000,94.150
26,2.705708,2.688000,1.000,0,0,0,0.000,100.000,0,0,-1000.000,-500.000,94.150
27,2.812808,2.794667,1.000,0,0,0,0.000,100.000,0,0,-1000.000,-500.000,94.150
28,2.917898,2.922667,1.000,0,0,0,0.000,100.000,0,0,-1000.000,-500.000,94.150
29,3.024251,3.008000,1.000,0,0,0,0.000,100.000,0,0,-1000.000,-500.000,94.150
30,3.132728,3.114667,1.000,0,0,0,0.000,100.000,0,0,-1000.000,-500.000,94.150
31,3.242840,3.242667,1.000,0,0,0,0.000,100.000,0,0,-1000.000,-500.000,94.150
32,3.352824,3.349333,1.000,0,0,0,0.000,100.000,0,0,-1000.000,-500.000,94.150
33,3.459855,3.456000,1.000,0,0,0,0.000,100.000,0,0,-1000.000,-500.000,94.150
34,3.566551,3.562667,1.000,0,0,0,0.000,100.000,0,0,-1000.000,-500.000,94.150
35,3.674119,3.669333,1.000,0,0,0,0.000,100.000,0,0,-1000.000,-500.000,94.150
36,3.781852,3.776000,1.000,0,0,0,0.000,100.000,0,0,-1000.000,-500.000,94.150
37,3.891010,3.882667,1.000,0,0,0,0.000,100.000,0,0,-1000.000,-500.000,94.150
38,3.997995,3.989333,1.000,0,0,0,0.000,100.000,0,0,-1000.000,-500.000,94.150
39,4.111248,4.096000,1.000,0,0,0,0.000,100.000,0,0,-1000.000,-500.000,94.150
40,4.224132,4.202667,0.502,0,0,0,0.000,100.000,0,0,-1000.000,-500.000,94.150
41,4.339871,4.330667,0.005,0,0,0,0.000,100.000,0,0,-1000.000,-500.000,94.150
42,4.454042,4.437333,0.000,0,0,0,0.000,100.000,0,0,-1000.000,-500.000,94.150
43,4.567035,4.565333,0.000,0,0,0,0.000,100.000,0,0,-1000.000,-500.000,94.150
44,4.683469,4.672000,0.000,0,0,0,0.000,100.000,0,0,-1000.000,-500.000,94.150
45,4.795841,4.778667,0.000,0,0,0,0.000,100.000,0,0,-1000.000,-500.000,94.150
46,4.910518,4.906667,0.000,0,0,0,0.000,100.000,0,0,-1000.000,-500.000,94.150
47,5.023918,5.013333,0.000,0,0,0,0.000,100.000,0,0,-1000.000,-500.000,94.150
48,5.139740,5.141333,0.000,0,0,0,0.000,100.000,0,0,-1000.000,-500.000,94.150
49,5.255352,5.248000,0.000,1,0,1,0.000,100.000,0,0,-1000.000,-500.000,94.150
50,5.370790,5.354667,0.000,1,0,1,0.000,100.000,0,0,-1000.000,-500.000,94.150
51,5.486830,5.482667,0.000,1,0,1,0.000,100.000,0,0,-1000.000,-500.000,94.150
52,5.604106,5.589333,0.000,2,0,1,0.000,100.000,0,0,-1000.000,-500.000,94.150
53,5.720850,5.717333,0.000,2,0,1,0.000,100.000,0,0,-1000.000,-500.000,94.150
54,5.839568,5.824000,0.000,2,0,1,0.000,100.000,0,0,-1000.000,-500.000,94.150
55,5.960072,5.952000,0.000,0,0,1,0.000,100.000,0,0,-1000.000,-500.000,94.150
56,6.078070,6.080000,0.000,0,0,1,0.000,100.000,0,0,-1000.000,-500.000,94.150
57,6.194922,6.186667,0.000,0,0,1,0.000,100.000,0,0,-1000.000,-500.000,94.150
58,6.317519,6.314667,0.000,0,0,0,0.000,100.000,0,0,-1000.000,-500.000,94.150
59,6.466374,6.442667,0.000,0,0,0,0.000,100.000,0,0,-1000.000,-500.000,94.150
60,6.605796,6.592000,0.000,0,0,0,0.000,100.000,0,0,-1000.000,-500.000,94.150
61,6.740752,6.741333,0.000,0,0,0,0.000,100.000,0,0,-1000.000,-500.000,94.150
62,6.873172,6.869333,0.000,0,0,0,0.000,100.000,0,0,-1000.000,-500.000,94.150
63,7.007567,6.997333,0.000,0,0,0,0.000,100.000,0,0,-1000.000,-500.000,94.150
64,7.139754,7.125333,0.000,0,0,0,0.000,100.000,0,0,-1000.000,-500.000,94.150
65,7.271441,7.253333,0.000,0,0,0,0.000,100.000,0,0,-1000.000,-500.000,94.150
66,7.401575,7.402667,0.000,0,0,0,0.000,100.000,0,0,-1000.000,-500.000,94.150
67,7.530885,7.530667,0.000,0,0,0,0.000,100.000,0,0,-1000.000,-500.000,94.150
68,7.665232,7.658667,0.000,0,0,0,0.000,100.000,0,0,-1000.000,-500.000,94.150
69,7.799621,7.786667,0.000,0,0,0,0.000,100.000,0,0,-1000.000,-500.000,94.150
70,7.932395,7.914667,0.000,0,0,0,0.000,100.000,0,0,-1000.000,-500.000,94.150
71,8.060712,8.042667,0.000,0,0,0,0.000,100.000,0,0,-1000.000,-500.000,94.150
72,8.191978,8.192000,0.000,0,0,0,0.000,100.000,0,0,-1000.000,-500.000,94.150
73,8.323043,8.320000,0.000,0,0,0,0.000,100.000,0,0,-1000.000,-500.000,94.150
74,8.452536,8.448000,0.000,0,0,0,0.000,100.000,0,0,-1000.000,-500.000,94.150
75,8.584245,8.576000,0.000,0,0,0,0.000,100.000,0,0,-1000.000,-500.000,94.150
76,8.714683,8.704000,0.000,0,0,0,0.000,100.000,0,0,-1000.000,-500.000,94.150
77,8.855363,8.853333,0.000,0,0,0,0.000,100.000,0,0,-1000.000,-500.000,94.150
78,8.988022,8.981333,0.000,0,0,0,0.000,100.000,0,0,-1000.000,-500.000,94.150
79,9.119335,9.109333,0.000,0,0,0,0.000,100.000,0,0,-1000.000,-500.000,94.150
80,9.247508,9.237333,0.000,0,0,0,0.000,100.000,0,0,-1000.000,-500.000,94.150
81,9.377965,9.365333,0.000,0,0,0,0.000,100.000,0,0,-1000.000,-500.000,94.150
82,9.517548,9.514667,0.000,0,0,0,0.000,100.000,0,0,-1000.000,-500.000,94.150
83,9.645543,9.642667,0.000,0,0,0,0.000,100.000,0,0,-1000.000,-500.000,94.150
84,9.773014,9.770667,0.000,0,0,0,0.000,100.000,0,0,-1000.000,-500.000,94.150
85,9.902629,9.898667,0.000,0,0,0,0.000,100.000,0,0,-1000.000,-500.000,94.150
86,10.040863,10.026667,0.000,0,0,0,0.000,100.000,0,0,-1000.000,-500.000,94.150
87,10.174500,10.154667,0.000,0,0,0,0.000,100.000,0,0,-1000.000,-500.000,94.150
88,10.288082,10.282667,0.000,1,0,1,0.000,100.000,0,0,-1000.000,-500.000,94.150
89,10.405553,10.389333,0.000,1,0,1,0.000,100.000,0,0,-1000.000,-500.000,94.150
90,10.522544,10.517333,0.000,1,0,1,0.000,100.000,0,0,-1000.000,-500.000,94.150
91,10.639772,10.624000,0.000,2,0,1,0.000,100.000,0,0,-1000.000,-500.000,94.150
92,10.751083,10.752000,0.000,2,0,1,0.000,100.000,0,0,-1000.000,-500.000,94.150
93,10.864585,10.858667,0.000,2,0,1,0.000,100.000,0,0,-1000.000,-500.000,94.150
94,10.977400,10.965333,0.000,3,0,1,0.000,100.000,0,0,-1000.000,-500.000,94.150
95,11.088860,11.093333,0.000,3,0,1,0.000,100.000,0,0,-1000.000,-500.000,94.150
96,11.205621,11.200000,0.000,4,0,1,0.000,100.000,0,0,-1000.000,-500.000,94.150
97,11.339818,11.328000,0.000,4,0,1,0.000,100.000,0,0,-1000.000,-500.000,94.150
98,11.467516,11.456000,0.000,4,0,1,0.000,100.000,0,0,-1000.000,-500.000,94.150
99,11.585927,11.562667,0.000,5,0,1,0.000,100.000,0,0,-1000.000,-500.000,94.150
100,11.698936,11.690667,0.000,5,0,1,0.000,100.000,0,0,-1000.000,-500.000,94.150
101,11.821239,11.818667,0.000,5,0,1,0.000,100.000,0,0,-1000.000,-500.000,94.150
102,11.937602,11.925333,0.000,6,1,1,0.000,100.000,0,0,-1000.000,-500.000,94.150
103,12.082902,12.074667,0.000,6,1,1,0.000,100.000,0,0,-1000.000,-500.000,94.150
104,12.218875,12.202667,0.000,6,1,1,0.000,100.000,0,0,-1000.000,-500.000,94.150
105,12.332179,12.330667,0.000,0,0,1,0.000,100.000,0,0,-1000.000,-500.000,94.150
106,12.456099,12.437333,0.000,0,0,1,0.000,100.000,0,0,-1000.000,-500.000,94.150
107,12.570293,12.565333,0.000,0,0,1,0.000,100.000,0,0,-1000.000,-500.000,94.150
108,12.686101,12.672000,0.000,0,0,0,0.000,100.000,0,0,-1000.000,-500.000,94.150
109,12.802147,12.800000,0.000,0,0,0,0.000,100.000,0,0,-1000.000,-500.000,94.150
110,12.916315,12.906667,0.000,0,0,0,0.000,100.000,0,0,-1000.000,-500.000,94.150
111,13.032311,13.013333,0.000,0,0,0,0.000,100.000,0,0,-1000.000,-500.000,94.150
112,13.154082,13.141333,0.000,0,0,0,0.000,100.000,0,0,-1000.000,-500.000,94.150
113,13.271047,13.269333,0.000,0,0,0,0.000,100.000,0,0,-1000.000,-500.000,94.150
114,13.386112,13.376000,0.000,0,0,0,0.000,100.000,0,0,-1000.000,-500.000,94.150
115,13.503619,13.482667,0.000,0,0,0,0.000,100.000,0,0,-1000.000,-500.000,94.150
116,13.618749,13.610667,0.000,0,0,0,0.000,100.000,0,0,-1000.000,-500.000,94.150
117,13.733488,13.717333,0.000,0,0,0,0.000,100.000,0,0,-1000.000,-500.000,94.150
118,13.846625,13.824000,0.000,0,0,0,0.000,100.000,0,0,-1000.000,-500.000,94.150
119,13.961226,13.952000,0.000,0,0,0,0.000,100.000,0,0,-1000.000,-500.000,94.150
120,14.102021,14.101333,0.000,0,0,0,0.000,100.000,0,0,-1000.000,-500.000,94.150
121,14.237564,14.229333,0.000,0,0,0,0.000,100.000,0,0,-1000.000,-500.000,94.150
122,14.381596,14.378667,0.000,0,0,0,0.000,100.000,0,0,-1000.000,-500.000,94.150
123,14.503022,14.485333,0.000,0,0,0,0.000,100.000,0,0,-1000.000,-500.000,94.150
124,14.617495,14.613333,0.000,0,0,0,0.000,100.000,0,0,-1000.000,-500.000,94.150
125,14.730359,14.720000,0.000,0,0,0,0.000,100.000,0,0,-1000.000,-500.000,94.150
126,14.846377,14.826667,0.000,0,0,0,0.000,100.000,0,0,-1000.000,-500.000,94.150
127,14.960523,14.954667,0.000,0,0,0,0.000,100.000,0,0,-1000.000,-500.000,94.150
128,15.074021,15.061333,0.000,0,0,0,0.000,100.000,0,0,-1000.000,-500.000,94.150
129,15.188345,15.189333,0.000,0,0,0,0.000,100.000,0,0,-1000.000,-500.000,94.150
130,15.300893,15.296000,0.000,0,0,0,0.000,100.000,0,0,-1000.000,-500.000,94.150
131,15.415113,15.402667,0.000,0,0,0,0.000,100.000,0,0,-1000.000,-500.000,94.150
132,15.528606,15.530667,0.000,0,0,0,0.000,100.000,0,0,-1000.000,-500.000,94.150
133,15.644794,15.637333,0.000,0,0,0,0.000,100.000,0,0,-1000.000,-500.000,94.150
134,15.760539,15.744000,0.000,0,0,0,0.000,100.000,0,0,-1000.000,-500.000,94.150
135,15.874653,15.872000,0.000,0,0,0,0.000,100.000,0,0,-1000.000,-500.000,94.150
136,15.991213,15.978667,0.000,0,0,0,0.000,100.000,0,0,-1000.000,-500.000,94.150
137,16.105991,16.085333,0.000,0,0,0,0.000,100.000,0,0,-1000.000,-500.000,94.150
138,16.240885,16.234667,0.000,0,0,0,0.000,100.000,0,0,-1000.000,-500.000,94.150
139,16.381001,16.362667,0.000,0,0,0,0.000,100.000,0,0,-1000.000,-500.000,94.150
140,16.498857,16.490667,0.000,0,0,0,0.000,100.000,0,0,-1000.000,-500.000,94.150
141,16.616842,16.618667,0.000,0,0,0,0.000,100.000,0,0,-1000.000,-500.000,94.150
142,16.730921,16.725333,0.000,0,0,0,0.000,100.000,0,0,-1000.000,-500.000,94.150
143,16.848082,16.853333,0.000,0,0,0,0.000,100.000,0,0,-1000.000,-500.000,94.150
144,16.961988,16.960000,0.000,0,0,0,0.000,100.000,0,0,-1000.000,-500.000,94.150
145,17.076075,17.066667,0.000,0,0,0,0.000,100.000,0,0,-775.000,-500.000,110.000
146,17.191143,17.173333,0.000,0,0,0,0.000,100.000,0,0,-725.000,-499.999,94.150
147,17.303690,17.301333,0.000,0,0,0,0.000,100.000,0,0,-725.000,-499.999,94.150
148,17.417902,17.408000,0.000,0,0,0,0.000,100.000,0,0,-725.000,-499.999,94.150
149,17.532600,17.514667,0.000,0,0,0,0.000,100.000,0,0,-725.000,-499.999,94.150
150,17.645504,17.642667,0.000,0,0,0,0.000,100.000,0,0,-725.000,-499.999,94.150
151,17.758125,17.749333,0.000,0,0,0,0.000,100.000,0,0,-725.000,-499.999,94.150
152,17.871620,17.856000,0.000,0,0,0,0.000,100.000,0,0,-725.000,-499.999,94.150
153,17.986292,17.962667,0.000,0,0,0,0.000,100.000,0,0,-675.000,-499.999,94.150
154,18.100006,18.090667,0.000,0,0,0,0.000,100.000,0,0,-675.000,-499.999,94.150
155,18.230976,18.218667,0.000,0,0,0,0.000,100.000,0,0,-675.000,-499.999,94.150
156,18.382496,18.368000,0.000,0,0,0,0.000,100.000,0,0,-675.000,-499.999,94.150
157,18.497276,18.496000,0.000,0,0,0,0.000,100.000,0,0,-675.000,-499.999,94.150
158,18.610582,18.602667,0.000,0,0,0,0.000,100.000,0,0,-675.000,-499.999,94.150
159,18.731909,18.730667,0.000,0,0,0,0.000,100.000,0,0,-622.900,-499.999,94.150
160,18.845711,18.837333,0.000,0,0,0,0.000,100.000,0,0,-610.000,-500.000,94.150
161,18.959234,18.944000,0.000,0,0,0,0.000,100.000,0,0,-610.000,-500.000,94.150
162,19.071503,19.072000,0.000,0,0,0,0.000,100.000,0,0,-610.000,-500.000,94.150
163,19.182365,19.178667,0.000,0,0,0,0.000,100.000,0,0,-610.000,-500.000,94.150
164,19.298161,19.285333,0.000,0,0,0,0.000,100.000,0,0,-610.000,-500.000,94.150
165,19.412748,19.413333,0.000,0,0,0,0.000,100.000,0,0,-610.000,-500.000,94.150
166,19.525801,19.520000,0.000,0,0,0,0.000,100.000,0,0,-610.000,-500.000,94.150
167,19.637074,19.626667,0.000,0,0,0,0.000,100.000,0,0,-610.000,-500.000,94.150
168,19.749537,19.733333,0.000,0,0,0,0.000,100.000,0,0,-610.000,-500.000,94.150
169,19.862272,19.861333,0.000,0,0,0,0.000,100.000,0,0,-610.000,-500.000,94.150
170,19.975233,19.968000,0.000,0,0,0,0.000,100.000,0,0,-610.000,-500.000,94.150
171,20.087612,20.074667,0.000,0,0,0,0.000,100.000,0,0,-610.000,-500.000,94.150
172,20.202984,20.202667,0.000,0,0,0,0.000,100.000,0,0,-571.052,-500.000,94.150
173,20.337177,20.330667,0.000,0,0,0,0.000,100.000,0,0,-571.052,-500.000,94.150
174,20.472950,20.458667,0.000,0,0,0,0.000,100.000,0,0,-571.052,-500.000,94.150
175,20.608482,20.608000,0.000,0,0,0,0.000,100.000,0,0,-571.052,-500.000,94.150
176,20.749027,20.736000,0.000,0,0,0,0.000,100.000,0,0,-571.052,-500.000,94.150
177,20.887093,20.885333,0.000,0,0,0,0.000,100.000,0,0,-571.052,-500.000,94.150
178,21.019783,21.013333,0.000,0,0,0,0.000,100.000,0,0,-571.052,-500.000,94.150
179,21.153566,21.141333,0.000,0,0,0,0.000,100.000,0,0,-571.052,-500.000,94.150
180,21.288174,21.290667,0.000,0,0,0,0.000,100.000,0,0,-571.052,-500.000,94.150
181,21.418451,21.418667,0.000,0,0,0,0.000,100.000,0,0,-571.052,-500.000,94.150
182,21.555372,21.546667,0.000,0,0,0,0.000,100.000,0,0,-571.052,-500.000,94.150
183,21.687059,21.674667,0.000,0,0,0,0.000,100.000,0,0,-571.052,-500.000,94.150
184,21.818012,21.802667,0.000,0,0,0,0.000,100.000,0,0,-571.052,-500.000,94.150
185,21.954100,21.952000,0.000,0,0,0,0.000,100.000,0,0,-571.052,-500.000,94.150
186,22.090889,22.080000,0.000,0,0,0,0.000,100.000,0,1,-571.052,-500.000,94.150
187,22.228725,22.229333,0.000,0,0,0,1850.000,100.000,0,1,-571.052,-500.000,94.150
188,22.364101,22.357333,0.000,0,0,0,1397.771,100.000,0,1,-571.052,-500.000,94.150
189,22.476274,22.464000,0.000,0,0,0,0.000,100.000,0,0,-570.427,-500.000,94.150
190,22.590250,22.592000,0.000,0,0,0,0.000,100.000,0,0,-570.427,-500.000,94.150
191,22.702234,22.698667,0.000,0,0,0,0.000,100.000,0,0,-570.427,-500.000,94.150
192,22.813955,22.805333,0.000,0,0,0,0.000,100.000,0,0,-570.427,-500.000,94.150
193,22.926554,22.912000,0.000,0,0,0,0.000,100.000,0,0,-570.427,-500.000,94.150
194,23.042440,23.040000,0.000,0,0,0,0.000,100.000,0,0,-570.427,-500.000,94.150
195,23.151363,23.146667,0.000,0,0,0,0.000,100.000,0,0,-570.427,-500.000,94.150
196,23.263109,23.253333,0.000,0,0,0,0.000,100.000,0,0,-570.427,-500.000,94.150
197,23.374004,23.360000,0.000,0,0,0,0.000,100.000,0,0,-570.427,-500.000,94.150
198,23.487923,23.488000,0.000,0,0,0,0.000,100.000,0,0,-570.427,-500.000,94.150
199,23.598473,23.594667,0.000,0,0,0,0.000,100.000,0,0,-570.427,-500.000,94.150
200,23.713505,23.701333,0.000,0,0,0,0.000,100.000,0,0,-570.427,-500.000,94.150
201,23.825558,23.808000,0.000,0,0,0,0.000,100.000,0,0,-570.427,-500.000,94.150
202,23.937756,23.936000,0.000,0,0,0,0.000,100.000,0,0,-570.427,-500.000,94.150
203,24.051424,24.042667,0.000,0,0,0,0.000,100.000,0,0,-570.427,-500.000,94.150
204,24.162838,24.149333,0.347,0,0,0,0.000,100.000,0,0,-570.427,-500.000,94.150
205,24.299341,24.298667,0.686,0,0,0,0.000,100.000,0,0,-570.427,-500.000,94.150
206,24.434193,24.426667,1.000,0,0,0,0.000,100.000,0,0,-570.427,-500.000,94.150
207,24.571821,24.554667,1.000,0,0,0,0.000,100.000,0,0,-570.427,-500.000,94.150
208,24.702127,24.682667,1.000,0,0,0,0.000,100.000,0,0,-570.427,-500.000,94.150
209,24.836618,24.832000,1.000,0,0,0,0.000,100.000,0,0,-570.427,-500.000,94.150
210,24.971588,24.960000,1.000,0,0,0,0.000,100.000,0,0,-570.427,-500.000,94.150
211,25.103992,25.088000,1.000,0,0,0,0.000,100.000,0,0,-570.427,-500.000,94.150
212,25.236094,25.216000,1.000,0,0,0,0.000,100.000,0,0,-570.427,-500.000,94.150
213,25.366911,25.344000,1.000,0,0,0,0.000,100.000,0,0,-570.427,-500.000,94.150
214,25.478970,25.472000,1.000,0,0,0,0.000,100.000,0,0,-570.427,-500.000,94.150
215,25.591141,25.578667,1.000,0,0,0,0.000,100.000,0,0,-570.427,-500.000,94.150
216,25.705776,25.685333,1.000,0,0,0,0.000,100.000,0,0,-570.427,-500.000,94.150
217,25.816219,25.813333,1.000,0,0,0,0.000,100.000,0,0,-570.427,-500.000,94.150
218,25.928778,25.920000,1.000,0,0,0,0.000,100.000,0,0,-570.427,-500.000,94.150
219,26.044182,26.026667,1.000,0,0,0,0.000,100.000,0,0,-570.427,-500.000,94.150
220,26.158083,26.154667,1.000,0,0,0,0.000,100.000,0,0,-570.427,-500.000,94.150
221,26.271593,26.261333,1.000,0,0,0,0.000,100.000,0,0,-570.427,-500.000,94.150
222,26.380886,26.368000,1.000,0,0,0,0.000,100.000,0,0,-570.427,-500.000,94.150
223,26.492558,26.474667,1.000,0,0,0,0.000,100.000,0,0,-570.427,-500.000,94.150
224,26.606281,26.602667,1.000,0,0,0,0.000,100.000,0,0,-570.427,-500.000,94.150
225,26.717949,26.709333,1.000,0,0,0,0.000,100.000,0,0,-570.427,-500.000,94.150
226,26.830379,26.816000,1.000,0,0,0,0.000,100.000,0,0,-570.427,-500.000,94.150
227,26.940485,26.922667,1.000,0,0,0,0.000,100.000,0,0,-570.427,-500.000,94.150
228,27.053469,27.050667,1.000,0,0,0,0.000,100.000,0,0,-570.427,-500.000,94.150
229,27.164396,27.157333,1.000,0,0,0,0.000,100.000,0,0,-570.427,-500.000,94.150
230,27.297989,27.285333,1.000,0,0,0,0.000,100.000,0,0,-570.427,-500.000,94.150
231,27.432875,27.413333,1.000,0,0,0,0.000,100.000,0,0,-570.427,-500.000,94.150
232,27.566305,27.562667,1.000,0,0,0,0.000,100.000,0,0,-570.427,-500.000,94.150
233,27.699200,27.690667,1.000,0,0,0,0.000,100.000,0,0,-570.427,-500.000,94.150
234,27.833069,27.818667,1.000,0,0,0,0.000,100.000,0,0,-570.427,-500.000,94.150
235,27.972145,27.968000,1.000,0,0,0,0.000,100.000,0,0,-570.427,-500.000,94.150
236,28.087297,28.074667,1.000,0,0,0,0.000,100.000,0,0,-570.427,-500.000,94.150
237,28.199533,28.202667,1.000,0,0,0,0.000,100.000,0,0,-570.427,-500.000,94.150
238,28.311737,28.309333,1.000,0,0,0,0.000,100.000,0,0,-570.427,-500.000,94.150
239,28.423805,28.416000,1.000,0,0,0,0.000,100.000,0,0,-570.427,-500.000,94.150
240,28.537708,28.522667,1.000,0,0,0,0.000,100.000,0,0,-570.427,-500.000,94.150
241,28.649900,28.650667,0.499,0,0,0,0.000,100.000,0,0,-570.427,-500.000,94.150
242,28.765673,28.757333,0.005,0,0,0,0.000,100.000,0,0,-570.427,-500.000,94.150
243,28.877449,28.864000,0.000,0,0,0,0.000,100.000,0,0,-570.427,-500.000,94.150
244,28.989275,28.992000,0.000,0,0,0,0.000,100.000,0,0,-570.427,-500.000,94.150
245,29.099157,29.098667,0.000,0,0,0,0.000,100.000,0,0,-570.427,-500.000,94.150
246,29.210112,29.205333,0.000,0,0,0,0.000,100.000,0,0,-570.427,-500.000,94.150
247,29.321165,29.312000,0.000,0,0,0,0.000,100.000,0,0,-570.427,-500.000,94.150
248,29.435781,29.418667,0.000,0,0,0,0.000,100.000,0,0,-570.427,-500.000,94.150
249,29.549862,29.546667,0.000,0,0,0,0.000,100.000,0,0,-570.427,-500.000,94.150
250,29.665621,29.653333,0.000,0,0,0,0.000,100.000,0,0,-570.427,-500.000,94.150
251,29.779785,29.781333,0.000,0,0,0,0.000,100.000,0,0,-570.427,-500.000,94.150
252,29.915476,29.909333,0.000,0,0,0,0.000,100.000,0,0,-570.427,-500.000,94.150
253,30.062946,30.058667,0.000,0,0,0,0.000,100.000,0,0,-1250.000,-850.000,110.000
254,30.204754,30.186667,0.000,0,0,0,590.000,100.000,0,0,-1192.741,-840.057,94.150
255,30.344013,30.336000,0.000,0,0,0,590.000,100.000,0,0,-1112.675,-821.622,94.150
256,30.486128,30.464000,0.000,0,0,0,590.000,100.000,0,0,-1031.694,-799.891,94.150
257,30.622108,30.613333,0.000,0,0,0,590.000,100.000,0,0,-954.572,-777.837,94.150
258,30.740719,30.741333,0.000,0,0,0,590.000,100.000,0,0,-887.413,-758.129,91.571
259,30.857573,30.848000,0.000,0,0,0,590.000,100.000,0,0,-821.317,-738.518,72.150
260,30.974304,30.954667,0.000,0,0,0,590.000,100.000,0,0,-755.335,-718.838,88.017
261,31.087442,31.082667,0.000,0,0,0,590.000,100.000,0,0,-691.371,-699.709,94.150
262,31.204592,31.189333,0.000,0,0,0,590.000,100.000,0,0,-625.144,-679.874,94.150
263,31.318354,31.317333,0.000,0,0,0,885.000,97.656,1,0,-532.070,-651.977,94.150
264,31.440384,31.424000,0.000,0,0,0,885.000,95.382,1,0,-428.675,-620.974,94.150
265,31.557507,31.552000,0.000,0,0,0,885.000,92.942,1,0,-329.332,-591.179,94.150
266,31.680790,31.680000,0.000,0,0,0,885.000,90.598,1,0,-224.844,-559.837,94.150
267,31.796116,31.786667,0.000,0,0,0,885.000,88.133,1,0,-127.062,-530.505,94.150
268,31.913328,31.893333,0.000,0,0,0,885.000,85.826,1,0,-27.709,-500.702,94.150
269,32.026684,32.021333,0.000,0,0,0,885.000,83.482,1,0,68.352,-471.887,94.150
270,32.138607,32.128000,0.000,0,0,0,885.000,81.216,1,0,163.253,-443.420,94.150
271,32.249310,32.234667,0.000,0,0,0,885.000,78.976,1,0,257.103,-415.268,94.150
272,32.363094,32.362667,0.000,0,0,0,885.000,76.762,1,0,353.539,-386.340,94.150
273,32.488571,32.490667,0.000,0,0,0,885.000,74.487,1,0,459.916,-354.430,94.150
274,32.620430,32.618667,0.000,0,0,0,885.000,71.977,1,0,571.684,-320.904,94.150
275,32.755371,32.746667,0.000,0,0,0,885.000,69.340,1,0,686.082,-286.588,94.150
276,32.886871,32.874667,0.000,0,0,0,885.000,66.641,1,0,797.543,-253.153,94.150
277,33.018181,33.002667,0.000,0,0,0,885.000,64.011,1,0,908.813,-219.776,94.150
278,33.150852,33.152000,0.000,0,0,0,885.000,61.386,1,0,1021.313,-186.029,94.150
279,33.280704,33.280000,0.000,0,0,0,885.000,58.732,1,0,1131.393,-153.009,94.150
280,33.413486,33.408000,0.000,0,0,0,885.000,56.134,1,0,1243.956,-119.243,94.150
281,33.546616,33.536000,0.000,0,0,0,885.000,53.479,1,0,1356.799,-85.394,94.150
282,33.684444,33.664000,0.000,0,0,0,885.000,50.816,1,0,1473.643,-50.344,94.150
283,33.813751,33.813333,0.000,0,0,0,885.000,48.059,0,0,1583.255,-17.464,94.150
284,33.942886,33.941333,0.000,0,0,0,807.528,48.059,0,0,1687.917,13.931,151.989
285,34.072845,34.069333,0.000,0,0,0,729.538,48.059,0,0,1783.602,42.634,179.686
286,34.203686,34.197333,0.000,0,0,0,651.039,48.059,0,0,1870.105,68.582,176.631
287,34.328701,34.325333,0.000,0,0,0,576.023,48.059,0,0,1943.579,90.621,144.713
288,34.460808,34.453333,0.000,0,0,0,199.809,48.059,0,0,2004.911,109.019,94.150
289,34.587547,34.581333,0.000,0,0,0,0.000,48.059,0,0,2004.911,109.019,94.150
290,34.711403,34.709333,0.000,0,0,0,0.000,50.638,0,0,2004.911,109.019,94.150
291,34.832767,34.816000,0.000,0,0,0,0.000,53.735,0,0,2004.911,109.019,94.150
292,34.966862,34.944000,0.000,0,0,0,0.000,56.768,0,0,2004.911,109.019,94.150
293,35.072826,35.072000,0.000,0,0,0,0.000,60.121,0,0,2004.911,109.019,94.150
294,35.181324,35.178667,0.000,0,0,0,0.000,62.770,0,0,2004.911,109.019,94.150
295,35.286575,35.264000,0.000,0,0,0,0.000,65.482,0,0,2004.911,109.019,94.150
296,35.391457,35.392000,0.000,0,0,0,0.000,68.114,0,0,2004.911,109.019,94.150
297,35.499439,35.498667,0.000,0,0,0,0.000,70.736,0,0,2004.911,109.019,94.150
298,35.605598,35.584000,0.000,0,0,0,0.000,73.435,0,0,2004.911,109.019,94.150
299,35.711445,35.712000,0.000,0,0,0,0.000,76.089,0,0,2004.911,109.019,94.150
300,35.816769,35.797333,0.000,0,0,0,0.000,78.735,0,0,2004.911,109.019,94.150
301,35.924324,35.904000,0.000,0,0,0,0.000,81.369,0,0,2004.911,109.019,94.150
